Entity_ID,Entity_Name,Entity Class,No.of inputs,No. of outputs
0_0,MUX_0_0,MUX,3,1
9_0,PFlt_DdRgnInhbDrvr_PT1_9_0,Srv_PT1,3,1
14_0,Or_14_0,Or,3,1
21_0,PFlt_Input_D_21_0,Parameter,0,1
25_0,PFltdd_stEnable_C_25_0,Parameter,0,1
29_0,Epm_nEng_29_0,Variable,0,1
33_0,PFltdd_nEngDummyMax_C_33_0,Parameter,0,1
36_0,GreaterOrEqual_36_0,GreaterOrEqual,2,1
41_0,PFltdd_stSetDummy_C_41_0,Parameter,0,1
46_0,PFltdd_Dummy_CUR_46_0,CharTable1D,1,1
55_0,PFltdd_Dummy1_CUR_55_0,CharTable1D,1,1
107_0,dT_107_0,Variable,0,1
113_0,PFlt_Input_C_113_0,Parameter,0,1
117_0,PFlt_Time_Parameter_C_117_0,Parameter,0,1
128_0,getBit_128_0,getBit,2,1
2135_0,PFLT_ACTV_BP_2135_0,SystemConstant,0,1
2146_0,PFlt_swtActv_2146_0,Variable,0,1
2150_0,IfThen_2150_0,IfThen,1,1
2154_0,Break_2154_0,Break,0,0
2165_0,not_2165_0,not,1,1
6_0,PFltdd_swtSelDummy_6_0,Local,1,1
143_0,PFlt_Output_143_0,Local,1,2
63_0,PFltdd_Output_A_63_0,Local,1,0
67_0,PFltdd_Output_B_67_0,Local,1,0
